Touchdata_id,event_index,x,y,time,touchPhase,fingerId,color,completionPerc,zone,flags,quality_score,interaction_type,anomaly_flag,research_suitability,     ,     fingerId,     seqId,     startTime,     endTime,     durationSec,     nPoints,     flags,time_diff,time_diff_normalized,cumulative_time,time_acceleration,sequence_position,sequence_length,position_ratio,time_rhythm_consistency,x_diff,y_diff,distance,velocity,acceleration,direction_angle,direction_change,cumulative_distance,spatial_smoothness,bbox_width,bbox_height,bbox_area,phase_transition,completion_rate,completion_acceleration,zone_change,zone_stability,color_change,has_began,has_ended,has_canceled,sequence_valid_pattern,velocity_outlier,distance_outlier,time_gap_outlier
1,0,1877.0,108.0,3303.7417,Began,0,RedDefault,0.0,Outside,missing_Ended,70,Quick,Technical,Behavioral,,0.0,1.0,3303.7417,,,4.0,missing_Ended,0.0,-1.4999571865810364,3303.7417,0.0,0,4,0.0,59.93834911406067,0.0,0.0,0.0,0.0,0.0,0.0,0.0,0.0,0.9721332639119856,38.0,37.99996999999999,1443.9988599999997,start_Began,0.0,0.0,1,1,1,1,0,0,0,0,0,0
1,1,1877.0,108.0,3303.7751,Stationary,0,RedDefault,0.0,Outside,missing_Ended,70,Quick,Technical,Behavioral,,,,,,,,,0.033399999999801366,0.5019836738166842,6607.516799999999,0.033399999999801366,1,4,0.249999999375,59.93834911406067,0.0,0.0,0.0,0.0,0.0,0.0,0.0,0.0,0.9721332639119856,38.0,37.99996999999999,1443.9988599999997,Began_to_Stationary,0.0,0.0,0,1,0,1,0,0,0,0,0,0
1,2,1846.0,114.0,3303.8083,Moved,0,RedDefault,0.0,Outside,missing_Ended,70,Quick,Technical,Behavioral,,,,,,,,,0.03320000000030632,0.48999600402413807,9911.3251,-0.00019999999949504854,2,4,0.49999999875,59.93834911406067,-31.0,6.0,31.575306807693888,951.0631715894832,951.0631715894832,2.9504081939927786,2.9504081939927786,31.575306807693888,0.9721332639119856,38.0,37.99996999999999,1443.9988599999997,Stationary_to_Moved,0.0,0.0,0,1,0,1,0,0,0,0,0,0
1,3,1839.0,145.99997,3303.8418,Moved,0,RedDefault,0.0,Outside,missing_Ended,70,Quick,Technical,Behavioral,,,,,,,,,0.03350000000000364,0.5079775087402141,13215.1669,0.00029999999969732016,3,4,0.7499999981250001,59.93834911406067,-7.0,31.99996999999999,32.7566494013185,977.8101380063749,26.746966416891723,1.7861542222057643,-1.1642539717870144,64.33195620901239,0.9721332639119856,38.0,37.99996999999999,1443.9988599999997,Moved_to_Moved,0.0,0.0,0,1,0,1,0,0,0,0,0,0
